videoid_ads,category
TcMBFSGVi1c,Film & Animation
PKFqtQn_6zw,Music
GC2qk2X3fKA,People & Blogs
GC2qk2X3fKA,People & Blogs
GC2qk2X3fKA,People & Blogs
GC2qk2X3fKA,People & Blogs
GC2qk2X3fKA,People & Blogs
X6M1oeJ9pRI,Comedy
YtWhOADgi-w,Entertainment
TcMBFSGVi1c,Film & Animation
PKFqtQn_6zw,Music
PKFqtQn_6zw,Music
PKFqtQn_6zw,Music
PKFqtQn_6zw,Music
PKFqtQn_6zw,Music
PKFqtQn_6zw,Music
PKFqtQn_6zw,Music
PKFqtQn_6zw,Music
YtWhOADgi-w,Entertainment
TcMBFSGVi1c,Film & Animation
YtWhOADgi-w,Entertainment
YtWhOADgi-w,Entertainment
PKFqtQn_6zw,Music
PKFqtQn_6zw,Music
YtWhOADgi-w,Entertainment
TcMBFSGVi1c,Film & Animation
PKFqtQn_6zw,Music
PKFqtQn_6zw,Music
TcMBFSGVi1c,Film & Animation
pcd2WT1Scoc,Education
TcMBFSGVi1c,Film & Animation
YtWhOADgi-w,Entertainment
YtWhOADgi-w,Entertainment
PKFqtQn_6zw,Music
PKFqtQn_6zw,Music
X6M1oeJ9pRI,Comedy
PKFqtQn_6zw,Music
PKFqtQn_6zw,Music
PKFqtQn_6zw,Music
PKFqtQn_6zw,Music
PKFqtQn_6zw,Music
PKFqtQn_6zw,Music
PKFqtQn_6zw,Music
PKFqtQn_6zw,Music
p1uxj8GG1tM,Howto & Style
p1uxj8GG1tM,Howto & Style
p1uxj8GG1tM,Howto & Style
p1uxj8GG1tM,Howto & Style
p1uxj8GG1tM,Howto & Style
p1uxj8GG1tM,Howto & Style
p1uxj8GG1tM,Howto & Style
p1uxj8GG1tM,Howto & Style
p1uxj8GG1tM,Howto & Style
p1uxj8GG1tM,Howto & Style
p1uxj8GG1tM,Howto & Style
p1uxj8GG1tM,Howto & Style
p1uxj8GG1tM,Howto & Style
p1uxj8GG1tM,Howto & Style
p1uxj8GG1tM,Howto & Style
